{
    "unet": {
        "Dice Coefficient": {
            "mean": 0.9512508472602607,
            "min": 0.721570264996215,
            "max": 0.9943241270045247
        },
        "IoU Score": {
            "mean": 0.9108181740232085,
            "min": 0.5644191817816868,
            "max": 0.9887123214389755
        },
        "PA Score": {
            "mean": 0.9563256189384002,
            "min": 0.7655137524557957,
            "max": 0.9946754479418887
        }
    },
    "deeplabv3_xception65_ade20k": {
        "Dice Coefficient": {
            "mean": 0.04801620358615953,
            "min": 0.0,
            "max": 0.9915282900212142
        },
        "IoU Score": {
            "mean": 0.04366562270960169,
            "min": 0.0,
            "max": 0.9831989139705981
        },
        "PA Score": {
            "mean": 0.5350878285356234,
            "min": 0.31846032034009536,
            "max": 0.992479612590799
        }
    },
    "deeplabv3_xception_tf_dim_ordering_tf_kernels": {
        "Dice Coefficient": {
            "mean": 0.8974455977686325,
            "min": 0.41177457800731876,
            "max": 0.9928641027596316
        },
        "IoU Score": {
            "mean": 0.8307273737495726,
            "min": 0.2592670865894352,
            "max": 0.9858293259928053
        },
        "PA Score": {
            "mean": 0.9163346031107646,
            "min": 0.5587494539781591,
            "max": 0.992916416464891
        }
    },
    "mask_rcnn_coco": {
        "Dice Coefficient": {
            "mean": 0.8550298516483842,
            "min": 0.3578118784430488,
            "max": 0.9646010094165942
        },
        "IoU Score": {
            "mean": 0.759935735411009,
            "min": 0.21788726501310274,
            "max": 0.9316225128566914
        },
        "PA Score": {
            "mean": 0.8752043734064197,
            "min": 0.5879459935269709,
            "max": 0.9703132075471698
        }
    },
    "segformer_masks": {
        "Dice Coefficient": {
            "mean": 0.9273820287634247,
            "min": 0.28615402922932337,
            "max": 0.9949578414770547
        },
        "IoU Score": {
            "mean": 0.8784181806998638,
            "min": 0.1669660133463724,
            "max": 0.9899662745882114
        },
        "PA Score": {
            "mean": 0.9381996684042553,
            "min": 0.5044962874280101,
            "max": 0.9931246635592796
        }
    },
    "Sum ensemble: 1": {
        "Dice Coefficient": {
            "mean": 0.41183681888017953,
            "min": 0.22862928531186602,
            "max": 0.5888608485477789
        },
        "IoU Score": {
            "mean": 0.8668983936034917,
            "min": 0.20842720001255916,
            "max": 0.9877058625912686
        },
        "PA Score": {
            "mean": 0.9248902512400489,
            "min": 0.5897239019879796,
            "max": 0.9932543496271748
        }
    },
    "Sum ensemble: 2": {
        "Dice Coefficient": {
            "mean": 0.4145865793722323,
            "min": 0.3214181611189865,
            "max": 0.506289618465567
        },
        "IoU Score": {
            "mean": 0.9258302853253452,
            "min": 0.699356661692444,
            "max": 0.9907031403585107
        },
        "PA Score": {
            "mean": 0.9646910187293003,
            "min": 0.8726032241289652,
            "max": 0.993654818401937
        }
    },
    "Sum ensemble: 3": {
        "Dice Coefficient": {
            "mean": 0.39818921488814507,
            "min": 0.2659640246207051,
            "max": 0.4663357105693279
        },
        "IoU Score": {
            "mean": 0.8804053277414244,
            "min": 0.28039987949834105,
            "max": 0.9874469558269494
        },
        "PA Score": {
            "mean": 0.940234405352281,
            "min": 0.5558021840873635,
            "max": 0.9944125907990314
        }
    },
    "Sum ensemble: 4": {
        "Dice Coefficient": {
            "mean": 0.3577364305589024,
            "min": 0.18775333582793127,
            "max": 0.39220507452361697
        },
        "IoU Score": {
            "mean": 0.7057126919185864,
            "min": 0.15057781712042034,
            "max": 0.983618832844022
        },
        "PA Score": {
            "mean": 0.8550241296279363,
            "min": 0.4957808741586877,
            "max": 0.9927283292978208
        }
    }
}